title,score,id,url,num_comments,body,author,created_utc
Lost access to your Ubisoft Account?,13,1f3bst4,https://www.reddit.com/r/ubisoft/comments/1f3bst4/lost_access_to_your_ubisoft_account/,0,"There is nothing we can do but tell you to fill out the [Account Recovery Form](https://www.ubisoft.com/en-gb/help/contact?platform=29&game=50003&category=211&hideFields=all&af=1) or contact [Ubisoft support](https://www.ubisoft.com/en-us/company/contact-us) and wait patiently for them to respond.

",Voddy_,1724855717.0
China's Tencent is considering buying Ubisoft: both sides are already in talks,796,1fw0e08,https://i.redd.it/6r4yfr1a1rsd1.jpeg,1156,"The Guillemot family and Tencent are in talks about a possible buyout of Ubisoft with the aim of turning the French publisher into a private company

Source: https://www.bloomberg.com/news/articles/2024-10-04/tencent-guillemot-family-are-said-to-consider-buyout-of-ubisoft?srnd=homepage-europe",MERKAT44,1728051824.0
"Probably one of the most stressful chase scenes in Prince of Persia 3â€¦ but damn, it was sooo fun!",37,1g5kf9c,https://v.redd.it/v1yecrrhe9vd1,2,,AdministrativeCold56,1729145890.0
I discovered the email of the person who stole my account. ,19,1g5jj7h,https://www.reddit.com/gallery/1g5jj7h,32,"I've provided all the necessary details, but they're still refusing to return my account. I managed to log in using a linked Xbox account and discovered the email of the person who stole it. What can I do using his email?

My Riot account was also stolen by this person, and Riot is refusing to help as well. What am I doing wrong?

",HyperGaming_LK,1729142399.0
Is Ubisoft Connect down? I can't access any of my AC games on PC right now!,0,1g5nfcw,https://www.reddit.com/r/ubisoft/comments/1g5nfcw/is_ubisoft_connect_down_i_cant_access_any_of_my/,0,"[I know Ubi is going through a lot of trouble right now \(well deserved\) But is there any fix for this in the meantime? I know this isnt a tech support page but as a community we need to claim our games back.](https://preview.redd.it/btr6ge3viavd1.png?width=1080&format=png&auto=webp&s=f49b9df5811ded016933b2623cc0924e210b2828)

",DeadTamagotchi3,1729159596.0
"Connection lost when trying to launch AC Unity, Tried to go offline but it showed ""Session expired due to inactivity""",1,1g5m0p7,https://www.reddit.com/r/ubisoft/comments/1g5m0p7/connection_lost_when_trying_to_launch_ac_unity/,0,"I tried so many YT fixes for this one, Tried to change the proxy settings but when I followed the instructions they just reset and didn't save my changes.  
  
I own it through steam with my third Ubisoft account, my first Ubisoft account with AC Unity is also owned through steam in a another steam account but I lost the Ubisoft account a few years ago, I haven't gotten the errors when I played with 

My second Ubisoft account with a different email has AC 4 downloaded and it works but only when playing offline, I created a third account and bought AC Unity because I haven't finished it when I played it

Sorry if I didn't explain it well.",idk6942037,1729153175.0
Am I missing something?,3,1g5fu5a,https://www.reddit.com/r/ubisoft/comments/1g5fu5a/am_i_missing_something/,5,I subscribed to Ubisoft Plus hoping I would get to play mirage or outlaws. I STILL HAVE TO BUY THE GAME?!!,Luckybreak333,1729129497.0
Old ubisoft account username,1,1g5huv7,https://www.reddit.com/r/ubisoft/comments/1g5huv7/old_ubisoft_account_username/,0,"Hello, so a year or two ago I had a ubisoft account with a very decent real word username on it, the account received a ban and I haven't touched it since. I recently noticed about 2 or so weeks ago that when searching up the account on ubisoft and r6 tracker it doesnt seem to exist, did they reset the name themselves? Ive been trying to claim it again every so often but it always says that it isnt available, if they do for some reason reset usernames, is there a clear time period for when they become usable/claimable again? I cant seem to get a straight answer. Thank you.",Signal_Net7925,1729136103.0
Trouble adding Phone number,1,1g5gwb4,https://www.reddit.com/r/ubisoft/comments/1g5gwb4/trouble_adding_phone_number/,0,"Over the past 2 days Iâ€™ve tried to add a phone number on a new Ubisoft account I have. However, Iâ€™ve ran into the issue of it saying that my number is suspicious (although only a few days prior it was attached to another Ubisoft account). After trying multiple times (with the same phone number) I eventually got the message that the process couldnâ€™t not be completed due to me trying too many times in a short period of time and to try again later.

I wanted to ask if anyone knows how long â€œtry again laterâ€ means. Iâ€™ve waited for an hour all the way up to 8 hours and it seems to still give me the message. If someone has gotten around this issue please let me know cause I assume Ubisoft isnâ€™t gonna respond to my support ticket anytime soon.

",SnooHobbies249,1729132938.0
Where has THIS Ubisoft gone?,1,1g4xdg7,https://www.youtube.com/watch?v=ZaaKFVECOQo,1,,MMIV777,1729079107.0
Ubisoft+ suspended,28,1g4cxy1,https://www.reddit.com/r/ubisoft/comments/1g4cxy1/ubisoft_suspended/,17,"I have never encountered such a poorly designed subscription system, it's incredibly frustrating. I have an account where, two years ago, using a different card that is now expired, I purchased Ubisoft+. Today, I tried to do the same to play AC Mirage. Obviously, I couldn't use the old card, so during the payment process, I selected the option to add a new one, filled out the necessary information, accepted, and completed the purchase. Unfortunately, after that, Ubisoft somehow decided to use the old card saved on the account, which no longer works, instead of the new one I provided. This led to my subscription being suspended, and my immediate attempt to change the payment method to the new one made no difference, as it isnâ€™t processed right away. So now, like an idiot, I have to sit here and wait for two hours until Ubisoft attempts to process the payment again.",Opposite-Let-1725,1729012454.0
Trying To Install AC Syndicate from epic games ,1,1g4wilp,https://www.reddit.com/r/ubisoft/comments/1g4wilp/trying_to_install_ac_syndicate_from_epic_games/,13,"So I have ac syndicate in epic games and when I hit install it sends me to Ubisoft connect and when I try to login I write my email and password correctly but Still don't login, it shows as if it's about to start but then it tells me to log again, it's so frustrating",Peanut_Wizard,1729075951.0
Bad fps in AC mirage,1,1g4tp89,https://www.reddit.com/r/ubisoft/comments/1g4tp89/bad_fps_in_ac_mirage/,3,"I get extremely bad fps in Assassins Creed Mirage, my pc isn't exactly new bot it ist bad, i have a gtx 1080 and a amd Ryzen 5 3600. I play on high graphics settings and in game it says im using 4 gb of vram out of 8, and the taskmanager shows approximately 50% usage on both cpu and gpu but i still only get around 40-50 frames, they occasionly increase for a few seconds and sometimes drops even lower. Capping fps and lowering graphic settings is not helping either.

I came here to find a reason and solution but after seeing people here with the same issue a year ago im not so sure there is a fix to it but If anyone know how to fix or improve this i would appreciate it.",MelleBoiWasHere,1729063392.0
How do you cope with the fact that Ubisoft at one point in time was pretty up front about portraying social issues with 0 SJW nonsense?,0,1g51z0f,https://www.youtube.com/watch?v=6Gu3ifv-7Ck,18,,enumeler,1729092207.0
cant sign into connect on any of my devices,0,1g4hfbw,https://www.reddit.com/r/ubisoft/comments/1g4hfbw/cant_sign_into_connect_on_any_of_my_devices/,0,the account was stolen im getting it back. the thief was russian.,werdotheelf,1729023806.0
I don't know if its supposed to a bug or not but i need help: ac mirage,0,1g4f1wq,https://www.reddit.com/r/ubisoft/comments/1g4f1wq/i_dont_know_if_its_supposed_to_a_bug_or_not_but_i/,0,"So i decided to try out ac mirage on mobile (note: i own it on ps5) but it doesn't give me full access to the game, just the trial even after i entered my ubi account and it also said cross-ownership.",Beneficial_Touch2439,1729017780.0
Second strike at Ubisoft is approaching,218,1g3dwx5,https://www.reddit.com/r/ubisoft/comments/1g3dwx5/second_strike_at_ubisoft_is_approaching/,187,"As of today, October 14, 2024, Ubisoft workers in France are preparing for a significant strike. This action stems from their frustration over Ubisoftâ€™s new return-to-office policy, which mandates employees to be in the office at least three days a week. The French video game workers' union, Le Syndicat des Travailleurs et Travailleuses du Jeu VidÃ©o (STJV), is calling on Ubisoft's French employees to join the strike from October 15 to October 17, 2024.

The strike reflects growing discontent among employees, particularly following Ubisoftâ€™s announcement of a hybrid work model that workers feel imposes unnecessary hardship. This tension comes in the midst of other challenges Ubisoft faces, including poor game performance and management decisions that have already upset employees and parts of the player base.

This protest could be a turning point for Ubisoft as it tries to navigate internal dissatisfaction while tackling broader industry pressures.

For more detailed updates, you can check news from sources like PushSquare and OpenCriticâ€‹

[OpenCritic](https://opencritic.com/news/6307/ubisoft-france-employees-are-planning-to-strike)â€‹[Push Square](https://www.pushsquare.com/news/2024/09/with-timing-being-everything-french-union-calls-on-ubisoft-workers-to-strike).

",l0vefrombehind,1728906939.0
How many days should it take for ubisoft support to respond?,1,1g4cgk6,https://www.reddit.com/r/ubisoft/comments/1g4cgk6/how_many_days_should_it_take_for_ubisoft_support/,9,,DrLolao,1729011258.0
help im  trying to make a ubisoft account and it wants a captcha challenge but i says error where captcha should be ,1,1g48fwz,https://i.redd.it/xf9ge0nffxud1.png,0,,Neat-Meet-2254,1729000933.0
"I mean, how much further can UBI stock possibly fall?",0,1g45k1h,https://www.reddit.com/r/ubisoft/comments/1g45k1h/i_mean_how_much_further_can_ubi_stock_possibly/,71,"Pretty sure stock is massively undervalued right now, sure there has been a great decline in the last few years, but the company still holds some killer IP's. R6, AC and FC are still massively popular franchises and letâ€™s not forget the opportunity for remasters (who wouldnâ€™t want a remastered FC 2?). All they need to do is recognise this and the company could be up for a great revival.",4thCrusadeMeMes,1728992215.0
Why is it like this?,11,1g3rb5o,https://v.redd.it/yi3m7685isud1,12,Help. I just bought AC brotherhood and the graphic is like this. Completely unplayable and making me nauseous ,pxeltit,1728941299.0
"In your opinion, which game from Ubisoft is the best?",87,1g3c0ph,https://i.redd.it/mq6azs3i0pud1.jpeg,190,,Wooden-Scallion2943,1728899048.0
Constant crashing on start-up (R6S),1,1g435hg,https://www.reddit.com/r/ubisoft/comments/1g435hg/constant_crashing_on_startup_r6s/,0,"My game has recently started freezing than crashing either in loading screen or in the main menu, in the past 2 days the furthest I've gotten without crashing is 2 minutes into a queue. When it freezes I alt-tab, I do notice that on the mini window it has distorted pixels?

I have already: Verified files, reinstalled twice, tried deleting old save files, changing resolution, updating windows, changing graphics settings, launched in normal and directx11.

  
This game is literally unplayable at the moment and would love if anyone had other fixes.",Regular-Tennis-8219,1728981966.0
Ubisoft 2016 ,0,1g4ert2,https://v.redd.it/3ygr2tbfryud1,0,#watchdogs2,Kindap9,1729017066.0
Game crashing over and over (PC),2,1g3w4s6,https://www.reddit.com/r/ubisoft/comments/1g3w4s6/game_crashing_over_and_over_pc/,1,"I'm at my whits end. This game EVERY time I play crashes when I'm just sitting in a corner or doing nothing. I don't get it. 

  
I have a great PC with good stats, my settings are on low. Is it just this game or what?? Any other advice would be amazing...",guynamedbox,1728955069.0
Medusa ðŸ’€ðŸ’€ðŸ’€ðŸ’€,12,1g3gvla,https://i.redd.it/61vwrtckdqud1.jpeg,10,,PixelSaharix,1728915543.0
These new updates on steam?,0,1g46jlj,https://www.reddit.com/r/ubisoft/comments/1g46jlj/these_new_updates_on_steam/,21,"https://preview.redd.it/f095pfesywud1.png?width=653&format=png&auto=webp&s=baee36fd3c49d8b614cfb1c762e322c180484a58

Pretty much every single Ubisoft game (besides ac2 and far cry 5 for me) has the exact same 158.23 mb update for all of them when using steam. as of posting this, it is 10/15/2024. i have no idea what it is since you know...no patch notes or update history update on the store page or anything. kinda weird. ",MrKonaKona,1728995444.0
Animal attack comparison between RDR2 and SW:O,879,1g2qr5a,https://v.redd.it/i6rpo8tsxiud1,556,,Asbeltrion,1728829365.0
Ubisoft+ titles not available after upgrading to Ubi+ Premium ,3,1g3qcj3,https://www.reddit.com/r/ubisoft/comments/1g3qcj3/ubisoft_titles_not_available_after_upgrading_to/,1,"Got Ubi+ when it was on sale for 1$ cause why not and before it ended I put AC4 in my library. Upgraded to premium to try Mirage and finished it and now when i try to download and install AC4, it tells me it's an inactive game and that my Ubi+ subscription had ended even though I'm on premium now. 

  
Any help would be appreciated ",AssassinsHome4,1728938876.0
Here is a song about how I feel about allot of new games these days.,0,1g42r9v,https://v.redd.it/6yk5nptmovud1,5,,Educational-Skirt-59,1728979980.0
Is there a way to link an ubisoft account to a xbox account if its already been linked?,1,1g3s39b,https://www.reddit.com/r/ubisoft/comments/1g3s39b/is_there_a_way_to_link_an_ubisoft_account_to_a/,0,"So I have this xbox account I just made, I have two ubisoft accounts, I was wondering if there was a way to switch my ubisoft account thats already connected to another xbox account to another xbox account. thanks.",Moist-Assumption-989,1728943363.0
Which old Assasin's Creed game is worth playing?,1,1g3qbub,https://www.reddit.com/r/ubisoft/comments/1g3qbub/which_old_assasins_creed_game_is_worth_playing/,0,I've only played the recent ones but never the old ones and wanted to try one.,trxpp_23,1728938828.0
This is very random.. but apparently Just Dance added the OST from dead Ubisoft game â€œHypedscapeâ€,5,1g3dcev,https://youtu.be/aBlWFBj3bas?si=ysDrp9T-Qas5NZJk,5,,disney04,1728904736.0
Why I don't buy Ubisoft games anymore,5,1g3d8oo,https://www.reddit.com/r/ubisoft/comments/1g3d8oo/why_i_dont_buy_ubisoft_games_anymore/,39,"Let me preface by saying this is not an Anti-Ubisoft take.  
I used to be a huge fan of Ubisoft games and stopped buying anything from them around 2017.  
Since the very first AC and Farcry2 down to AC:Odyssey. Recently it got myself thinking ""Why did I lost all interest about Ubisoft AAA games ?""  
  
One word sums it all for me: **Surprise.** Or more accuratly, lack of it.

Everytime Ubisoft makes a new AAA I am almost confident it's going to be an Open World action RPG, with map unlocking by going to ""towers"".  
I used to really like that, spent many hours and they are quite fun game even the new ones I am sure, but I just feel like I played way too much of this gameplay loop to keep buying more of it.

I would expect that from the same IP, but I feel like Farcry, AC, Breakpoint, etc all have the same ""feel"" with a different map and main gameplay mechanic (guns, swords etc). But they all ""feel"" the same imo.

Think of the changes between Farcry 1 (I know Ubi is not the dev), Farcry 2 and Farcry 3. All thoose game were very different and caught me by surprise back then. Farcry 4 and 5 all left more or less a twist on FC3.

To sum up, I am an adult now, and I don't have much free time to play like before, and I don't feel like spending that time playing the ""same game"" (yes, this is an exaggeration of my feeling) over and over.

I don't know if orthers quite old folks have the same feeling as I do.

And I wish on the AAA space, Ubi creatives had more freedom like they ocasionnally showcase on smaller titles.",East-Cat4535,1728904305.0
Ubisoft support just not working,1,1g3npp6,https://www.reddit.com/r/ubisoft/comments/1g3npp6/ubisoft_support_just_not_working/,0,Trying to access r6 marketplace and I can't as the email on the account is .com.com so I can't even use it so I can't 2fa and when ever I try using ubisoft support it says a case can't be opened after I fill out all the info,Disastrous-Mine-1512,1728932403.0
Free run on blackflag being weird,1,1g3k8qm,https://www.reddit.com/r/ubisoft/comments/1g3k8qm/free_run_on_blackflag_being_weird/,2,"Whenever I push the stick forward and press R2 (or W & Shift) Edward crouches as if he's about to run but gets stuck. Same with different controllers. 

I have to barely push the stick forward to start him running to get it to work which is ruining any chases especially if I get stopped. 

It works fine during rhe talking scenes when you follow someone and in multilayer. 

Any ideas? Driving me mad just wanna be pirate again lol ",DeezWuts,1728923974.0
Is the progress of a save saved even after uninstalling the game?,1,1g3jlxk,https://www.reddit.com/r/ubisoft/comments/1g3jlxk/is_the_progress_of_a_save_saved_even_after/,1,"Hello, I subscribed to Ubisoft+ to play Avatar: Frontiers of Pandora and when my subscription ended I uninstalled it, but I kept the Ubisoft hub on my PC because it doesn't take up much storage. I intend to subscribe again soon to play the new DLCs but I don't know if I'll have to replay everything again because I can't recover my save (which I had spent 110 hours on). Could anyone enlighten me on this?",jpcm_12,1728922405.0
"""Passwords must be typed in the same"" ",0,1g3m9o5,https://www.reddit.com/r/ubisoft/comments/1g3m9o5/passwords_must_be_typed_in_the_same/,7,"Hey all, idk if anyone's had experience with this but customer support is useless so I'm making a post here 

I tried to reset my password after Ubisoft let someone from Brazil login to my account (despite  2FA) and after finally being able to get to the change password section of this site that barely works, the part where I change my password and confirm the new password gives me the error message ""passwords entered must be the same"". The problem is the passwords are the EXACT same. No hidden spaces, no wrong typos. Does anyone know how I can work around this? As I'm trying to figure this out this random person in Brazil gets more and more time with my account ",NeverSecondBest,1728928860.0
"Why arenâ€™t they doing anything with any of their Tom Clancy IPâ€™s? Staring at you Division, Ghost Recon and Splinter Cell",6,1g37qfe,https://www.reddit.com/r/ubisoft/comments/1g37qfe/why_arent_they_doing_anything_with_any_of_their/,20,With the exception of the splinter cell remake. ,Ben409,1728878638.0
Can i change my rainbow six account in geforce?,1,1g3dmpa,https://www.reddit.com/r/ubisoft/comments/1g3dmpa/can_i_change_my_rainbow_six_account_in_geforce/,0,"if so, how? since i cant",Embarrassed_Disk9494,1728905875.0
When do you think youâ€™ll give us the announcement for AFOP?,0,1g3gv16,https://www.reddit.com/r/ubisoft/comments/1g3gv16/when_do_you_think_youll_give_us_the_announcement/,0,"I know you guys are busy and Iâ€™m not saying that your other games arenâ€™t a priority but a lot of of us paid a lot of money for a season pass you mentioned when the first episode of Star Wars outlaws is coming out youâ€™re promoting all this other stuff but you havenâ€™t promoted when weâ€™re getting secret of the spires? You said it was coming this fall but we have no update like when youâ€™re gonna announce it is it gonna happen in fall? Is it gonna be delayed until winter?

A lot of us are just like to know whatâ€™s going on and when you plan on releasing the second DLC ? Also this is something else thatâ€™s completely off topic but I know you made outlaws and avatar in the same sense as far as I see m do you plan to continue to have more content added to those games since you made them open world and you have a season pass are you gonna continue season passes or is it just that one season pass and the game is done? So thereâ€™s two questions here that I wanna know.

Again I know youâ€™re busy. I know that you guys took on a lot of projects but people that paid for something should get some type of notice. A lot of us paid over $100 for that game w/ season pass and itâ€™s an amazing game. ",ThatCrazyGamerGirl,1728915501.0
Reminder that xdefiant exists,0,1g3ff1i,https://www.reddit.com/r/ubisoft/comments/1g3ff1i/reminder_that_xdefiant_exists/,4,"I know that Ubisoft has been obviously disappointing lately with Star Wars Outlaws and the ""buying is not owning"" statement but, they still have other good games that released this year and last year, xdefiant is a perfect example of that. (even though it's a beta or something idk)",maimoudakys,1728911521.0
The next Ghost Recon title is called Advanced Warfighter 3,0,1g3fowa,https://www.reddit.com/r/ubisoft/comments/1g3fowa/the_next_ghost_recon_title_is_called_advanced/,8,How's that sound.,Constant_Set_5306,1728912321.0
Get Assassin's Creed II on Epic Games for 75% off,0,1g3h919,https://i.redd.it/v71tcxqcgqud1.png,4,,PixelSaharix,1728916504.0
Respond time to Ubisoft support ticket,0,1g391fv,https://www.reddit.com/r/ubisoft/comments/1g391fv/respond_time_to_ubisoft_support_ticket/,3,"Hi, does anyone know why do I need to wait more that 4 days to get any respond on my Ubisoft Support my matter is urgent cuz I can't access my account and they still don't respond",Beginning-Leave-1795,1728884179.0
Maho Estrada Will Return in the Tom Clancy's Franchise.,3,1g2xc5q,https://www.reddit.com/r/ubisoft/comments/1g2xc5q/maho_estrada_will_return_in_the_tom_clancys/,0,What do you think of her. Hibana and Pulse's kid comes back in every game.,Constant_Set_5306,1728846843.0
Canâ€™t run any Ubisoft games?,1,1g36ahc,https://www.reddit.com/r/ubisoft/comments/1g36ahc/cant_run_any_ubisoft_games/,5,"A few weeks ago I purchased Ghost recon wildlands while it was on sale. However it didnâ€™t run. It would just freeze on the little game pop-up. I tried everything I could find online to fix it. I restarted my PC, verified game files, and I uninstalled and reinstalled the game and Ubisoft connect. Nothing ever worked so I refunded the game. Now I just bought AC odyssey since itâ€™s on sale and I have the same issue. Is there anything else I can try? I donâ€™t want to have to refund this game as well.",more_yeet,1728873651.0
Rumour has it AC Black Flag Remake is set to launch sooner than expected.,4,1g2uupg,https://i.redd.it/tl3x1yrx5kud1.png,24,"ðŸ‘‡ðŸ¼ {Source} ðŸ‘‡ðŸ¼

https://www.notebookcheck.net/Ubisoft-may-reportedly-release-the-Assassin-s-Creed-Black-Flag-Remake-sooner-than-expected.897539.0.html",SandraDutta55555,1728840339.0
Can Tencent salvage Ubisoft's sinking ship? ,0,1g3bw0z,https://www.tradingview.com/chart/UBI/gY85Bxb1-Can-Tencent-salvage-Ubisoft-s-sinking-ship/,16,,4mllr,1728898454.0
Assassins creed based on queen Nzinga,1,1g32c6k,https://www.reddit.com/r/ubisoft/comments/1g32c6k/assassins_creed_based_on_queen_nzinga/,0,"@Ubisoft 

I am writing to propose an idea for an Assassin's Creed-style game that could not only be a thrilling and immersive experience, but also a powerful educational tool. I believe that the story of Queen Nzinga of Ndongo and Matamba would make for an incredible game, with her fight against Portuguese slave traders and defense of her people's independence providing ample opportunity for stealth missions, intense battles, and political intrigue.

As we enter the era of 4K and 8K graphics, I believe that now is the perfect time to bring Queen Nzinga's story to life in a way that is both visually stunning and emotionally impactful. This game could be a testament to the power of resistance and the enduring spirit of the West African people, while also providing an engaging and entertaining gaming experience.

I would love the opportunity to discuss this idea further with your team, and I look forward to hearing your thoughts on this proposal.",No_Spell2428,1728860866.0
Issues with Ubisoft support,0,1g31dsj,https://www.reddit.com/r/ubisoft/comments/1g31dsj/issues_with_ubisoft_support/,1,Has anyone else had issues dealing with Ubisoft's support team? Is there some secret to actually get my issue looked at? Thus far all I keep getting are auto-replies and ban warnings as though me seeking help is a banable offence ðŸ˜‘,ChastityTala,1728857955.0
Rainbow Six Siege?,1,1g30wog,https://www.reddit.com/r/ubisoft/comments/1g30wog/rainbow_six_siege/,2,"why is it when i receive the slightest connection loss for even a second, instead of the game trying to reconnect me, it just kickes me the hell out of the game and bans me for 60 minutes?

Rainbow six siege is done for and was ruined by the terrible updates ubisoft adds to it. Ubisoft does nothing to help the game and instead just try to milk it. 

No wonder this companies stock has been dropping so hard.

There never was no need to rework maps, change operators when the game was just fine the way it was
",NotAFanOfThisGame,1728856561.0
"Unable to download rainbow six seige, but able to download any other game through ubisoft.",2,1g2vgy3,https://www.reddit.com/r/ubisoft/comments/1g2vgy3/unable_to_download_rainbow_six_seige_but_able_to/,0,"So the title explains my issue and I've tried all the solutions that I've seen online haven't helped.
It's only r6 that won't download and when I do try to download the download speed is 0kbs/s and is saying it will take roughly 110 years to download but no error message.
so just wondering if anyone else has had the same issue or if anyone knows what may help.",_catlover208,1728841968.0
Iâ€™m having two problems with assassins creed 2,1,1g2vc5c,https://www.reddit.com/gallery/1g2vc5c,7,"I'm having two problems with assassins creed 2

Okay, so the first one is that my activation code isn't working. I've tried entering it through the game and my profile. The other one is in my game library. It says I have an update, but every time I try to install it, it starts for a second and then it says update a again

I've tried uninstalling it and reinstalling it but that doesn't work. And for the activation code, I'm copying it from my game. 3 dots -> manage ->properties -> activation key.

Please if you have any advice or if you have questions that might help you answer what's happening ask them.",Rough-Contact-2583,1728841616.0
Missing add ons?,2,1g2plvs,https://i.redd.it/djd3lb95ziud1.jpeg,3,"Had this save going on Odyssey for about a year, takes me a while to complete these games because they are so large but I don't mind coming back to them every once in a while. Only this time it will not let me open my saves because I am missing DLC's, DLCS that never downloaded, I never touch DLC until l've completed the base game which in this case I clearly haven't. So basically Ubisoft is trying to get me to spend Â£20+ to continue a game that I already own.
Fantastic! Also just checked and itâ€™s the same for Origins.",Life_Lavishness_6316,1728825946.0
I donâ€™t think you want to do this  ,0,1g2w4s8,https://i.redd.it/7u5tz0p0gkud1.jpeg,5,"This is a warning to any Ubisoft employee to not do this. When hyperscape released, it had the same thing XDefiant is getting, and it flopped hard. Please do not do this.",Ray-playz8969,1728843729.0
This is from 11 years ago,1169,1g1gb0j,https://v.redd.it/3blpq4ept4ud1,335,,PixelSaharix,1728670492.0
Where are all the levels in Hitman?,0,1g2r7ar,https://www.reddit.com/r/ubisoft/comments/1g2r7ar/where_are_all_the_levels_in_hitman/,18,"So I opened my game after nearly 2 years and all the content is gone?

If I load my progress it says ""get access"" and takes me to the store. 

I last accessed the game in Jan 2022 and had access to every single stage from Hitman 1, 2, and 3. I had purchased the GOTY ed. Where did all the content go? ",MeloveGaming,1728830625.0
Assassin's Creed Hexe should have a Black female protagonist ,0,1g2qggg,https://www.reddit.com/r/ubisoft/comments/1g2qggg/assassins_creed_hexe_should_have_a_black_female/,18,"I'm honestly going to ignore the hate, but I genuinely think that assassin's Creed hexe should have a black female protagonist. All we have had for the past 16 or so games is 4 black protagonist ( Aveline doesn't count because she's mixed) adewale, yasuke, bayak and probably Aya. While the rest are of different nationalities how is this right. In terms of diversity this is just sad, and I feel like it will be another 10 years before we ever get another minority representation in assassin's Creed. Sure Ubisoft has got the ball rolling with yasuke, but they shouldn't stop there. 

For something like assassin's Creed hexe, a female black protagonist really fits because they can tie it with the slavery angle, ( female protagonist came from slavery and her or parents escaped) this would give the charecter motivation to do what they need to do in the game, and give them a motive people sympathize with, And a goal. What's frustrating is that if they don't change the female protagonist, Young black women wanting to pick up this game won't feel represented. That's all I'm going to say. And please be civil in the comments ",ChronosOdin,1728828541.0
Ghost Recon: Breakpoint,4,1g1xaq0,https://www.reddit.com/r/ubisoft/comments/1g1xaq0/ghost_recon_breakpoint/,0,"So I've been playing raids lately, and I must say, they sure dropped the ball on realism with this. Not only do they require you to play it with a full 4 man human squad (unlike every other aspect of the game), but all the boss levels are uncreative bullet sponges that force you to approach them the exact same way, gone is any element of stealth or creativity.

Not only that, if you raise an alarm and they call for backup, the game spawns in 5 wolves close to your position, who know exactly where you are and even tho it says they can't see you, they'll run after you until they catch you, then spot you, then kill you.

If you happen to drop a landmine as soon as they spawn and run away, they'll all blow up, and then soon after, another 5 wolves will spawn in and do the same. If you happen to escape where they can't follow you, such as off the cliff... then an attack heli will spawn and close on your direct location.

I love the realism of this game, but Raid was a real lost opportunity. They could've done a lot better than resorting to an arcade shoot em up. The gimmicks for ""difficulty"" sake is such a disappointment, absolutely kills immersion, and the aspects that make this game stand out among the rest.

I wish they made a realism variant for raids that didn't rely on these cheap tricks for difficulty and made the bosses an open world opponent that could be tackled in more than one way.

What would make such a mode stand out even more is taking notes from Splinter Cell: Blacklist, by making missions that can be accomplished either by guns blazing (assault), stealth kills (panther) or non-lethal sneaking pass enemy lines (ghost), and rewarding players accordingly.

Other than that, I'm really liking this game. I have logged around 220 hours so far, but I can't help but feel raids could've been so much more than what it is.

Any thoughts? What would you change or add to the game if you could? Would love to hear others' thoughts. 

P.s. what's with needing to shoot a helmet off a heavy (machine gunner) when you headshot them with a bloody 50cal sniper rifle, ain't no one surviving a bullet of that caliber to the cranium, I don't care how bulky the helmet is, it could be made of tungsten and you still dead!",Blackmist3k,1728729217.0
It's been 5 years since Ghost Recon Breakpoint landed!,45,1g1a22u,https://www.reddit.com/gallery/1g1a22u,50,,PixelSaharix,1728654063.0
Best Ubisoft Villains of All Time,31,1g1aag5,https://www.reddit.com/gallery/1g1aag5,49,,Wooden-Scallion2943,1728654704.0
Call for strike for all French Ubisoft entities on October 15,59,1g16goc,https://archive.ph/kEyeY,62,,Voddy_,1728641794.0
EXCLUSIVE - Update on Splinter Cell Remake's Development,0,1g1rcix,https://insider-gaming.com/exclusive-update-on-splinter-cell-remakes-development/,10,"Snowdrop Engine, I have thoughts on that, but I like SE's due to how Massive designed division 1 and 2, but conflicted if it will be an engine mess, because I witness how they always break division 2 with update that messes with their codes",GT_Hades,1728703491.0
The chills ðŸ¥¶,0,1g1qn4w,https://www.reddit.com/gallery/1g1qn4w,0,,PixelSaharix,1728700965.0
Too many memoriesâœ¨âœ¨âœ¨,200,1g0hx4b,https://i.redd.it/e7if166xcxtd1.jpeg,90,,AdministrativeCold56,1728564228.0
In The Crew Motorfest :,1,1g1ek0l,https://www.reddit.com/r/ubisoft/comments/1g1ek0l/in_the_crew_motorfest/,1,Is there any ways to race with MY own cars ? I played it for like 40h doing the playlist and the challenges but i never been able to use my own vehicles...,bigredd_1400,1728665896.0
If i buy Assassinâ€™s creed on steam will it download in steam or in Ubisoftâ€™s launcher?,2,1g17dbi,https://www.reddit.com/r/ubisoft/comments/1g17dbi/if_i_buy_assassins_creed_on_steam_will_it/,10,"In my country wifi is slow, but steam gets faster speeds than anything else. 

So im wondering if i buy the game in steam will it download in steam? Or will it just download Ubisoftâ€™s launcher a d download the game in that? (Also if yes, does that go for all Ubisoft games?) 

Thanks. ",thespygorillas,1728645434.0
Avatar frontiers of Pandora - Skybreaker bug,1,1g19n2x,https://www.reddit.com/r/ubisoft/comments/1g19n2x/avatar_frontiers_of_pandora_skybreaker_bug/,0,"SO. I have a big issue regarding the new DLC. Right after the ship crashes on the campement, at the beginning of the extension, I had to leave the game. When I go back to it, my save loads but I litteraly cannot play. I have the ""A few days later..."" text, and then I'm stuck in a loading screen, not able to do anything. I cannot restore any previous saves from this character.
Has anyone got this issue as well? ",Ouiiiiiiiiiiiii,1728652841.0
Report: Outlaws is third bestselling game of August in the US,0,1g1hfow,/r/StarWarsOutlaws/comments/1g1gqku/report_outlaws_is_third_bestselling_game_of/,73,,PixelSaharix,1728673487.0
Ubisoft connect error dolphin-028,0,1g16hcn,https://www.reddit.com/r/ubisoft/comments/1g16hcn/ubisoft_connect_error_dolphin028/,3,"For the last 48 hours, I haven't been able to log in to Ubisoft Connect due to the error code ""dolphin-028."" I've tried several solutions, including uninstalling and reinstalling the app, rebooting my PC, flushing DNS and removing all Ubisoft-related entries from the Registry, but the issue persists. Although I can sign into my Ubisoft account via a browser without any problems, the app still won't work. Iâ€™ve already raised a support ticket with Ubisoft, but I haven't received any response yet. 

https://preview.redd.it/37mk0zfqr3ud1.jpg?width=1127&format=pjpg&auto=webp&s=a8d4d2f226b4dc1c2365e3418aca782b216e9563

Any help would be appreciated.",ThunderDaz,1728641880.0
Rayman sings sexbomb 2007 / made by official ubisoft animators ,1,1g13mxw,https://v.redd.it/0atfbmq4hmrd1,0,,RedditCommentWizard,1728628735.0
EAC Preventing Div2 Launch,1,1g0xlao,https://www.reddit.com/r/ubisoft/comments/1g0xlao/eac_preventing_div2_launch/,0,Pretty much eac is picking up a debugger running but i have 0 clue how to find it. ive had multiple people check through my task manager and they didnt see anything out of the ordinary. i have been using a randomizer for pokemon games and im assuming thats a possible issue but is there anyway to check before i delete everything associated with it?,Nearby-Gate-134,1728607039.0
Will Ubisoft Track Progress Across Platforms,1,1g0v3mz,https://www.reddit.com/r/ubisoft/comments/1g0v3mz/will_ubisoft_track_progress_across_platforms/,5,"So my question is if I were to buy let's say Far Cry new dawn on my pc but I already own it on my xbox would the progress for lmao my xbox transfer to my PC as long as I sign into the same account on my pc as I used on my xbox?
",HelpfulHandsomeHarry,1728599496.0
POP WW EDIT - IF WE BEING REAL YEAT,1,1g0lij1,https://v.redd.it/kdfrvcvq6ytd1,1,,sedboy420,1728574274.0
Who's the best BADDIE in assassins creed.,33,1g00iwt,https://i.redd.it/ci66n9y7dstd1.png,75,And why is it Evie ,Maximum_Impressive,1728503793.0
Ubisoft player issues,1,1g0j2lb,https://www.reddit.com/r/ubisoft/comments/1g0j2lb/ubisoft_player_issues/,0,"I'm trying to download Assassin's Creed 2, but everytime I do, Ubisoft Player always doesn't work, and says Runtime Error or something, I've tried everything please help.",Baloos2307,1728567640.0
"Star Wars: Outlaws, Nominated for Two Golden Joystick Awards",0,1g0zmco,https://i.redd.it/8zixljenf1ud1.jpeg,189,,PixelSaharix,1728613572.0
It was fun,12,1fzsdi6,https://www.reddit.com/r/ubisoft/comments/1fzsdi6/it_was_fun/,4,"I was playing Ghost Recon Breakpoint, solo, on PS5, until it disconnected me from the server and wouldn't let me reconnect.

I see now why everyone wants the always online to be removed, especially since I couldn't play coop because it kept saying it couldn't connect to the server...

Despite the fact it needs to in order to allow you to play the game in the first place. Make it make sense!?",Blackmist3k,1728483162.0
The Black Hokage delves into Ubisoft's current predicament,4,1fzyazt,https://youtu.be/lVPkS8z2Z8M?si=TRt6S0mq0XZ4UpVx,2,,Black_Folkhero,1728498145.0
Assasins Creed Shadows: 10 Biggest changes revealed,0,1g0m67b,https://www.reddit.com/r/ubisoft/comments/1g0m67b/assasins_creed_shadows_10_biggest_changes_revealed/,9,"Get ready for a world of adventure with **Assassin's Creed Shadows**. It launches on November 15, 2024. This game is the 14th in the series and is set in **feudal Japan**.

Ubisoft made big changes for this game. It's made for PS5, so you'll see amazing graphics and new gameplay. You'll get to explore **detailed environments** and enjoy a story that's full of surprises.

The game has cool features like weather that changes and places you can destroy. You'll play for at least 80 hours. It's packed with new things to try and see.

# Key Takeaways

* Launch date: November 15, 2024.
* Setting features Kyoto and Osaka during the **Azuchi-Momoyama period**.
* First **current-gen exclusive** title created for modern hardware.
* Dynamic weather and destructible environments enhance gameplay interactivity.
* Incorporation of dual protagonists, **Yasuke** and **Naoe**, with unique abilities.
* Players can experience a **map size** comparable to Assassin's Creed Origins.
* Early access available for players who pre-order specific editions.

# The Launch of Assassin's Creed Shadows

The wait for **Assassin's Creed Shadows** is almost over. Ubisoft says it will come out on February 15, 2025. This change shows Ubisoft's hard work to make the game better.

# Release Date and Availability

People are excited about the **release date**. It was moved from this year to February. This move helps the game stand out among other big releases.

Ubisoft hopes to catch gamers' attention after the holidays. They want to make the most of the new year.

# First Current-Gen Exclusive Entry

**Assassin's Creed Shadows** is a big deal. It's the first game in the series for the latest consoles. It will use new tech to make the game better.

But, there are worries about how weather effects will work. The game will be a big step up, despite some issues during making.

# Pre-Order Details and Bonuses

Pre-orders for [Assassin's Creed Shadows](https://amzn.to/4eBZhPQ) are popular. Fans can buy it on the Ubisoft Store and Epic Games Store. Early buyers get cool bonuses.

They get to play the game early, starting on February 12. This makes the wait even more exciting.

[https://youtube.com/watch?v=b9Taw2iNyUU](https://youtube.com/watch?v=b9Taw2iNyUU)

|Edition|Release Date|Early Access Start|Bonus Content|
|:-|:-|:-|:-|
|Standard Edition|February 15, 2025|N/A|None|
|Gold Edition|February 15, 2025|February 12, 2025|Season Pass|
|Ultimate Edition|February 15, 2025|February 12, 2025|Digital Artbook|
|Collector's Edition|February 15, 2025|February 12, 2025|Exclusive In-Game Items|

Assassin's Creed Shadows is a big step for Ubisoft. It shows their growth in making games.

# Setting: Feudal Japan

Assassin's Creed Shadows takes you to **feudal Japan**. It's set in the **Azuchi-Momoyama period**, from 1573 to 1603. This time is full of culture and change.

Players will see this world through **detailed environments**. These environments pull you into the world of **feudal Japan**.

# Historical Context of the Azuchi-Momoyama Period

The **Azuchi-Momoyama period** was a time of growth and change. It shows how Japan's government and society changed. This period was full of politics, art, and war.

The game's team worked with historians to make it real. Fans of Assassin's Creed will love the details.

# Detailed Environments: Kyoto and Osaka

Assassin's Creed Shadows shows Kyoto and Osaka in great detail. These cities come alive with their markets, temples, and gardens. Every part of these environments makes you feel like you're really there.

The game's visuals are amazing. You'll see the beauty of feudal Japan and feel like you're living it.

# Playable Characters: Yasuke and Naoe

In Assassin's Creed Shadows, you get to see feudal Japan through **Yasuke** and **Naoe**. Each has special skills and ways to play. This makes the game fun for everyone.

# Character Abilities and Playstyles

**Yasuke** is all about strong fights. He can do cool melee attacks fast. This lets him beat enemies quickly, perfect for those who like quick battles.

**Naoe** is more about sneaking. He's good at quiet, smart fights. Playing with Naoe means you need to plan and sneak well, for a more careful game.

# Unique Skill Trees Enhancing Gameplay

Yasuke and Naoe have special skill trees. These let you change how you play in different missions. You can pick how to face challenges based on your character's skills.

This change makes Assassinâ€™s Creed Shadows stand out. It lets players try different ways to play. With Yasuke and Naoe, you can explore both sneaky and bold ways to play.

|Character|Primary Playstyle|Strengths|Gameplay Focus|
|:-|:-|:-|:-|
|Yasuke|Brute Force|Powerful melee attacks, armor-breaking|Fast-paced combat|
|Naoe|Stealth|Tactical eliminations, avoiding detection|Careful planning|

# New Stealth and Combat Mechanics

Assassin's Creed Shadows brings new features to the game. It focuses on stealth and combat. These changes make the game more strategic and fun.

# Enhanced Stealth Techniques

There's a new way to play stealth in Assassin's Creed Shadows. A dynamic light and shadow system lets you hide in shadows. You can also crawl through grass to sneak past enemies.

A new grappling hook lets you move around in cool ways. This makes sneaking around even more exciting.

# Innovations in Combat Dynamics

The combat system has changed a lot. Now, you can break down enemy armor to find weak spots. This makes fights more strategic.

Weapons now affect the environment in different ways. This adds to the realism of battles. Eagle vision is back, helping you spot enemies without being seen.

|Combat Dynamic|Description|
|:-|:-|
|Breakable Enemy Armor|Players strategically dismantle armor to expose enemies to fatal strikes.|
|Dynamic Weapon Impact|Different weapon types will affect environmental objects uniquely.|
|Light and Shadow System|New mechanics alter visibility, enhance stealth gameplay.|
|Prone Mechanic|Crawl through grass for stealthier navigation.|
|Physics-based Grappling Hook|Aid for navigation and strategic combat engagement.|

Assassin's Creed Shadows takes the series to new levels. It combines cool new mechanics with exciting gameplay. This makes for a thrilling experience in feudal Japan.

# Expansive Map and Open World Exploration

Assassin's Creed Shadows offers a deep dive into a detailed world. The game's open world is huge, like Assassin's Creed Origins. It's perfect for adventure and finding new things.

# Map Size Comparisons: Shadows vs. Origins

Players will explore big cities, countryside, and historical sites. The large map makes the game exciting. It feels real and fun to explore.

|Feature|Assassin's Creed Shadows|Assassin's Creed Origins|
|:-|:-|:-|
|**Map Size**|Comparable to Origins|Large (approximately 30 hours of main story)|
|Types of Environments|Castle towns, harbors, rural landscapes|Deserts, cities, pyramids|
|Exploration Mechanics|Espionage network, train allies|Animal taming, naval exploration|

# Dynamic Biomes and Seasonal Changes

The game has changing biomes that affect gameplay. Seasons change the look of the world and how characters and enemies act. These changes make the game feel more real and engaging.

# Assassin's Creed Shadows: 10 BIGGEST Changes You NEED TO KNOW

Assassinâ€™s Creed Shadows brings big changes to the game. These changes make the game better for both old fans and new players. You'll find new ways to play that are fun and challenging.

# Breakable Enemy Armor and Strategic Gameplay

Now, enemy armor can break, which changes how you fight. This makes combat more interesting and less repetitive. You'll need to plan and think carefully to win battles.

This new way of fighting makes the game more exciting. It shows how Assassin's Creed Shadows is different from other games in the series.

# Innovative Light and Shadow Mechanics

The game also has cool light and shadow mechanics. These let you sneak around in new ways. You can hide in shadows and sneak past enemies.

This makes the game more fun and challenging. It shows how Assassin's Creed Shadows is changing the series for the better.

# Conclusion

Assassin's Creed Shadows is coming out on February 14, 2025. It will offer a new **gaming experience** set in feudal Japan. Players will enjoy at least 80 hours of gameplay with two main characters, Yasuke and Naoe.

These characters have special skills that make the game more exciting. Assassin's Creed Shadows combines history with new gameplay features. It has cool stealth moves and combat.

Pre-orders are showing a lot of interest. Players should get their copies early for special bonuses. This way, they won't miss out on the game's fun.

The game is set in the Azuchi-Momoyama period. It has great stories and places to explore. Assassin's Creed Shadows is a hit for both old fans and new players.

# FAQ

# When is the release date for Assassin's Creed Shadows?

Assassin's Creed Shadows will come out on November 15, 2024. It will be for the PS5 and Xbox Series X|S.

# What are some of the major changes in Assassin's Creed Shadows?

Assassinâ€™s Creed Shadows has big updates. These include better graphics and new characters. There are also new stealth moves and a world that changes with the seasons.

# What characters can players control in Assassin's Creed Shadows?

You can play as Yasuke and Naoe. Each has their own way of fighting and special skills.

# Are there any bonuses for pre-ordering Assassin's Creed Shadows?

Yes, pre-ordering gets you cool bonuses. You get early game access starting November 12, 2024. This is for the Gold, Ultimate, or Collector's Edition.

# What settings can players expect in the game?

The game is set in feudal Japan. You'll see detailed cities like Tokyo and Osaka. And also, beautiful landscapes.

# What new features enhance the stealth gameplay in Assassin's Creed Shadows?

The game has a new light and shadow system. This lets you use shadows to sneak and find new ways to hide. It makes the game more strategic.

# How does the combat system differ in Assassin's Creed Shadows?

The combat is better now. You can break enemy armor and use a new parry system. This makes fighting more immersive and fun.",5veBoyceo,1728575981.0
Ubisoft connect brotherhood problem,1,1g03twc,https://www.reddit.com/r/ubisoft/comments/1g03twc/ubisoft_connect_brotherhood_problem/,0,Hey i try to download ac brotherhood on my computer but it doesnt work. Try to load the game page and it doesnt work either. Any clue how to fix this?,Dismal_Salt_3532,1728512375.0
This game is a work of art,0,1g0crxb,https://www.reddit.com/gallery/1g027eg,13,,PixelSaharix,1728542608.0
"Avatar frontiers of pandora co-op broken? I'm stuck in ""local"" bur I have internet are the servers ok or is this a glitch? HELP",1,1g00k7y,https://www.reddit.com/r/ubisoft/comments/1g00k7y/avatar_frontiers_of_pandora_coop_broken_im_stuck/,0," so I've been trying to get on co-op on my xbox X game ""Avatar frontiers of pandora, it's a ubisoft game so I'm hoping they see this Every time I go to change it from local to online it flashes online for a moment then back to local, it says ""HARMONY-2-1-Avatar:Frontiers Of Pandora Services are not avaliable please try again later"" but it's been like that for a week. I have used online before and it worked, ive used multiple online things on my xbox so ik it's not my xbox x or my internet connection. Does anyone know how I can fix this problem because I can't find anything on how to fix it. And yes co-op is unlocked so it's not that and yes i have fast internet.",InfiniteAir2731,1728503879.0
85% off Far Cry 5 on Epic Games,8,1fzhy8i,https://i.redd.it/mqz0ctwocntd1.jpeg,3,,PixelSaharix,1728443081.0
Ubisoft caught spying by sharing user data with Meta without notifying,68,1fyycsw,https://elchapuzasinformatico.com/2024/10/ubisoft-comparte-datos-meta/,21,,ALVARO39YT,1728389824.0
Ubisoft is looking for a New Monetization Director.,31,1fyzh1s,https://www.reddit.com/r/ubisoft/comments/1fyzh1s/ubisoft_is_looking_for_a_new_monetization_director/,68,"This job posting was made a few days ago. 

https://www.ubisoft.com/en-us/company/careers/search/744000017257466-monetization-director-aaa-project-m-nb-w-

Do you think they want someone a bit closer to HQ that they can rely on? Or is this consolidation before a possible merger? What are your thoughts? 



",US_Healthcare,1728393159.0
Amazing attention to detail ,0,1fzy3ky,https://www.reddit.com/gallery/1fzuh10,5,,PixelSaharix,1728497632.0
Ubisoft Abu Dhabi is failing,4,1fz97r5,https://www.reddit.com/r/ubisoft/comments/1fz97r5/ubisoft_abu_dhabi_is_failing/,11,"Ubisoft Abu Dhabi has discontinued the development of Gwenâ€™s Getaway, a game that launched in September 2023 but garnered only 200 followers on social media. Notably, the Abu Dhabi studio has around 60 employees, and their last two mobile games collectively reached only 2,000 followers across social media, with an average of 30 online players. Even their biggest title, Growtopia, currently has just 44 online players on Steam.

With Ubisoftâ€™s stock market struggles, could this signal the end for small studios under Ubisoft's umbrella?

https://preview.redd.it/v3xw4mj6altd1.png?width=620&format=png&auto=webp&s=2642edd50d74868549cb3f8a60b3ea429540335a

",Livid-Ad1891,1728417966.0
"From Loyal Fan to Loyal Hater, The Gamers Perspective ",349,1fyeiss,https://i.redd.it/imqtkrdildtd1.jpeg,516,"I grew up playing Ubisoft games when I got my first Xbox 360. Assassins Creed,Division, Splinter Cell, Far Cry, Rainbow, and Ghost Recon. Splinter Cell has been off the radar since 2014 (Blacklist came 2013). Siege is almost 10 years old. Division only has 2 games and honestly we have the most stable online community in the games in my opinion. Then Heartlands got canceled. And now we're waiting on 3. Still. Far Cry and Assassins Creed fall ill to the same things. ""We"" didn't want level systems and ""looter shooters"". And the story got stale and gameplay repetitive.  Far Cry plots starting at 3: Pirates vs Natives and MC, Dictatorship vs rebels, Cult vs rebels, Dictatorship vs rebels. Ghost Recon Breakpoint came in 2019. It's a great game except it feels repetitive but still fun. I don't know, it feels like Assassins Creed isn't even Assassins Creed anymore. Ghost Recon and Div are barely holding on it seems like. Please listen to your fan base. Whats left of it I guess. Ubisoft is a cornerstone to my gaming childhood. I don't want people to fail or people to lose jobs. But I'm also not gonna support and defend a company that's slowly destroying what I loved. But that's my personal opinion on this. I could go more in depth but y'all ( redditors) probably couldn't care less. But hope everyone has a good day.",X-X-XIII,1728324978.0
Worst company ever. tf is this?? Lot of games arent showing up in ubisoft connect.,0,1fznauo,https://www.reddit.com/r/ubisoft/comments/1fznauo/worst_company_ever_tf_is_this_lot_of_games_arent/,2,"https://preview.redd.it/9ldyivyx7ptd1.png?width=2560&format=png&auto=webp&s=a618f05fe7a198932aca3ff368e57703243f64aa

https://preview.redd.it/x31iqvyx7ptd1.png?width=2560&format=png&auto=webp&s=c77e2480c311333b5c96f012c328444359f4c432

",bogdanRSG,1728465745.0
When did Ubisoft fall off a cliff? Or was it a gradual decline?,26,1fytvun,https://www.reddit.com/r/ubisoft/comments/1fytvun/when_did_ubisoft_fall_off_a_cliff_or_was_it_a/,107,"Iâ€™ve been a fan of Ubisoft for years, but itâ€™s clear something went very wrong along the way. Iâ€™m curious, when exactly did Ubisoft fall off for you? Was it gradual or did they jump the shark at one particular moment?

For me, Assassinâ€™s Creed: Black Flag was their last true high point. The naval combat was fantastic, and it felt like they had so much potential. But look at what theyâ€™ve turned out recently. Star Wars Outlaws is embarrassingly mediocre for a franchise with limitless possibilities, and Skull and Bones is just a shadow of what Black Flag achieved years ago. Itâ€™s like they completely lost sight of what made their games special.

Maybe it was with Assassinâ€™s Creed Unity and its buggy launch, or was the writing was on the wall with the Watch Dogs series not quite delivering on its promises?

The way I see it, the rot has fully set in at Ubisoft, and honestly, I donâ€™t see them recovering anytime soon. Unless some Elon Musk-type figure steps in, fires the execs and all these managers obsessed with squeezing every last penny out of us with microtransactions, and brings in developers who actually love making games, not just monetising them, itâ€™s hard to see a way out. The culture need to be completely overhauled.

When exactly did their priorities shifted entirely to cranking out cookie-cutter open-world games and pushing live-service models, instead of focusing on creativity and gameplay innovation?

Do they have any chance of turning it around, or are they too far gone at this point? Can Ubisoft can be saved?",Nolan_q,1728371147.0
From the Guillemot family to TenCent. Would this be an improvement?,0,1fzm658,https://www.reddit.com/r/ubisoft/comments/1fzm658/from_the_guillemot_family_to_tencent_would_this/,23,Since this is the talk or what may happen do you think TenCent is a good alternative as the main shareholders of Ubisoft? Curious what you all think.,FishTheory,1728460258.0
Ubisoft games on Steam,1,1fz8ivp,https://www.reddit.com/r/ubisoft/comments/1fz8ivp/ubisoft_games_on_steam/,2,I have several purchased ubisoft games on steam and I'm wondering if I have to buy them on Uplay to be able to play them ?,Due_Philosophy5477,1728416221.0
Suspecious Account Login Ubisoft,1,1fz7rtb,https://www.reddit.com/r/ubisoft/comments/1fz7rtb/suspecious_account_login_ubisoft/,1,"I got an email from Ubisoft saying someone logged into your Ubisoft account even after 2-factor authentication was enabled.  

  
Email Message from ( [updates@account.ubisoft.com](mailto:updates@account.ubisoft.com) )

We have detected a login with your Ubisoft account from the following country and IP:

Country/Region: Trinidad & Tobago

IP address: 190.\*\*\*.\*\*\*.254

  
Is Ubisoft selling login data?

I am from India, and there is no way someone logged into my account from Trinidad and Tobago without the 2-factor Key.",H0RNeTTT,1728414313.0
The Bosak Sisters Will Return.,0,1fz6uxt,https://www.reddit.com/r/ubisoft/comments/1fz6uxt/the_bosak_sisters_will_return/,3,They'll be back in The Next Advanced Warfighter.,Constant_Set_5306,1728412038.0
ubi does not send 2 step code anymore ,1,1fz6shr,https://www.reddit.com/r/ubisoft/comments/1fz6shr/ubi_does_not_send_2_step_code_anymore/,0,hi it is been a week since I cant connect to uplay and I contacted their support but no answer. ,ComfortableTop2382,1728411864.0
Ubisoft why is this a thing,0,1fz3o60,https://www.reddit.com/r/ubisoft/comments/1fz3o60/ubisoft_why_is_this_a_thing/,1,"Sooo, couldn't find anything on reddit or i don't know how to google search but I am so disappointed in ubisoft. Why can you activate the exact same game twice on an account? I've had a key for rainbow 6 for a a few months. Wanted to gift it to a friend whos new to pc's. I gave him the key and he said it wasn't working so I went over to my account thinking let me check if the key is valid. And oh it was, but the problem is I have no new games but the code isn't valid any more. Contacted ubisoft but with their support I'm not hoping for much. Googled the same problem with steam and it doesn't let you activate the same key twice...",Spirited-Wrangler361,1728404076.0
"If I buy Ubisoft+, when it ends will the games disappear?",0,1fz6j84,https://www.reddit.com/r/ubisoft/comments/1fz6j84/if_i_buy_ubisoft_when_it_ends_will_the_games/,5,"I want to start playing rainbow six siege, if i buy ubisoft+,  what will happen when the ubisoft+ ends? Will I lose the game? WIll I only lose the extra content?",Specialist_Cry_6483,1728411193.0
Letâ€™s Annoy Ubisoft by Playing Their Old Games â€“ Starting with Black Flag! Whoâ€™s In?,0,1fzbnqd,/r/videogames/comments/1fzbki9/lets_annoy_ubisoft_by_playing_their_old_games/,18,,Paaati,1728424267.0
